{
  "\u2705 Legitimate Transaction - $40.80": {
    "amount": 40.8,
    "description": "Normal transaction pattern, Amount: $40.80",
    "features": [
      7.0,
      -0.644269442348146,
      1.41796354547385,
      1.0743803763556,
      -0.492199018495015,
      0.948934094764157,
      0.428118462833089,
      1.12063135838353,
      -3.80786423873589,
      0.615374730667027,
      1.24937617815176,
      -0.619467796121913,
      0.291474353088705,
      1.75796421396042,
      -1.32386521970526,
      0.686132504394383,
      -0.0761269994382006,
      -1.2221273453247,
      -0.358221569869078,
      0.324504731321494,
      -0.156741852488285,
      1.94346533978412,
      -1.01545470979971,
      0.057503529867291,
      -0.649709005559993,
      -0.415266566234811,
      -0.0516342969262494,
      -1.20692108094258,
      -1.08533918832377,
      40.8
    ]
  },
  "\u2705 Legitimate Transaction - $27.50": {
    "amount": 27.5,
    "description": "Normal transaction pattern, Amount: $27.50",
    "features": [
      11.0,
      1.0693735878819,
      0.287722129331455,
      0.828612726634281,
      2.71252042961718,
      -0.178398016248009,
      0.337543730282968,
      -0.0967168617395962,
      0.115981735546597,
      -0.221082566236194,
      0.460230444301678,
      -0.773656930526689,
      0.32338724546722,
      -0.0110758870883779,
      -0.178485175177916,
      -0.65556427824926,
      -0.19992517131173,
      0.1240054151819,
      -0.980496201537345,
      -0.982916082135047,
      -0.153197231044512,
      -0.0368755317335273,
      0.0744124028162195,
      -0.0714074332998586,
      0.104743752596029,
      0.548264725394119,
      0.104094153162781,
      0.0214910583643189,
      0.021293311477486,
      27.5
    ]
  },
  "\u2705 Legitimate Transaction - $69.99": {
    "amount": 69.99,
    "description": "Normal transaction pattern, Amount: $69.99",
    "features": [
      2.0,
      -1.15823309349523,
      0.877736754848451,
      1.548717846511,
      0.403033933955121,
      -0.407193377311653,
      0.0959214624684256,
      0.592940745385545,
      -0.270532677192282,
      0.817739308235294,
      0.753074431976354,
      -0.822842877946363,
      0.53819555014995,
      1.3458515932154,
      -1.11966983471731,
      0.175121130008994,
      -0.451449182813529,
      -0.237033239362776,
      -0.0381947870352842,
      0.803486924960175,
      0.408542360392758,
      -0.0094306971323291,
      0.79827849458971,
      -0.137458079619063,
      0.141266983824769,
      -0.206009587619756,
      0.502292224181569,
      0.219422229513348,
      0.215153147499206,
      69.99
    ]
  },
  "\ud83d\udea8 Fraudulent Transaction A - $118.30 (100%)": {
    "amount": 118.3,
    "description": "Confirmed fraud from dataset, Model confidence: 100.0%",
    "features": [
      41237.0,
      -10.2817840384715,
      6.30238478416897,
      -13.271718028752,
      8.92511547634157,
      -9.97557831146449,
      -2.83251346361162,
      -12.7032526593299,
      6.70684583868978,
      -7.07842395823848,
      -12.8056831898117,
      6.78605830197451,
      -13.0642398936784,
      1.1795245105938,
      -13.694873039573,
      0.951479176238826,
      -10.9542857275047,
      -20.5835927904158,
      -7.51726213169106,
      2.87235363605874,
      -0.247647527731929,
      2.47941350799644,
      0.366932842343897,
      0.0428046480276363,
      0.478278891799746,
      0.157770817898023,
      0.329900959238367,
      0.163504340964582,
      -0.485552212695879,
      118.3
    ]
  },
  "\ud83d\udd34 Fraudulent Transaction B - $1809.68 (69%)": {
    "amount": 1809.68,
    "description": "Confirmed fraud from dataset, Model confidence: 68.8%",
    "features": [
      9064.0,
      -3.49910753739178,
      0.258555160773118,
      -4.48955807274398,
      4.85389435139681,
      -6.97452154477167,
      3.62838209065084,
      5.43127092073166,
      -1.94673371078472,
      -0.775680092900109,
      -1.9877731876087,
      4.69039566550924,
      -6.9980424321007,
      1.45401198637847,
      -3.73802333366749,
      0.31774206255503,
      -2.01354268083989,
      -5.1361351026702,
      -1.18382211654359,
      1.66339401354543,
      -3.04262575715977,
      -1.05236825623151,
      0.204816873569406,
      -2.11900744010783,
      0.170278608305444,
      -0.393844118118335,
      0.296367194488607,
      1.98591321801306,
      -0.900451638402827,
      1809.68
    ]
  },
  "\ud83d\udd34 Fraudulent Transaction C - $39.90 (100%)": {
    "amount": 39.9,
    "description": "Confirmed fraud from dataset, Model confidence: 99.9%",
    "features": [
      166028.0,
      -0.956390354534089,
      2.36159360978361,
      -3.17119460723168,
      1.9707587789256,
      0.474761353851904,
      -1.90259820435779,
      -0.055177812186404,
      0.277831228585655,
      -1.74585416512772,
      -2.5166280017922,
      0.874051625366684,
      -2.51310432869389,
      0.0215750823066827,
      -3.56511884467947,
      0.461153428310475,
      -2.01571274629308,
      -1.7314131905532,
      -0.465814727140309,
      0.527619755594392,
      0.19087690343816,
      0.4732110860249,
      0.719400298090367,
      0.122457847823505,
      -0.255649852132098,
      -0.619259299031992,
      -0.48427999484406,
      0.683534592892906,
      0.443299499267762,
      39.9
    ]
  },
  "\u26a0\ufe0f Fraudulent Transaction D - $1.00 (41%)": {
    "amount": 1.0,
    "description": "Confirmed fraud from dataset, Model confidence: 41.2%",
    "features": [
      91502.0,
      0.0073790751145725,
      2.36518252886777,
      -2.60028738169342,
      1.11160176466249,
      3.2764413263667,
      -1.7761407852846,
      2.11453088108345,
      -0.830084106599812,
      0.900489974281822,
      -3.37617706712688,
      2.05681205985716,
      -3.9842567303491,
      1.02196791340796,
      -5.96790496861639,
      -1.15160831490592,
      1.67973960141233,
      5.58611468683053,
      2.78913115591619,
      -2.24107485298106,
      -0.0063884972816308,
      -0.563944162060269,
      -0.902099515410175,
      -0.404382448597275,
      -0.0129439005065412,
      0.589836154947909,
      -0.734449052212668,
      -0.447529183217452,
      -0.362374775122343,
      1.0
    ]
  },
  "\ud83d\udfe1 Edge Case - $2452.03 (25%)": {
    "amount": 2452.03,
    "description": "Legitimate but unusual pattern, Model flagged at 24.9%",
    "features": [
      1077.0,
      -3.93679406923572,
      -3.67051900264911,
      -1.45382049984702,
      2.29974999413165,
      -9.74943958984199,
      6.45641046157446,
      10.7840876548481,
      -2.16001589150776,
      -0.238116043084373,
      -1.0043984469861,
      -0.318436576174975,
      -1.98143510685022,
      -0.876498835758804,
      -1.09570880084773,
      1.13210316063153,
      1.64344008765784,
      -0.853989691681442,
      -0.165444597338851,
      -0.810784648400554,
      -2.20367559311281,
      -0.979104300834913,
      0.957186171803303,
      2.44195981198265,
      0.25060715954121,
      0.300907905061542,
      1.15786694354058,
      1.62428423734445,
      -1.63864721472208,
      2452.03
    ]
  }
}